<?xml version="1.0" encoding="UTF-8"?>
<project-private xmlns="http://www.netbeans.org/ns/project-private/1">
    <editor-bookmarks xmlns="http://www.netbeans.org/ns/editor-bookmarks/2" lastBookmarkId="1">
        <file>
            <url>src/my/AppointmentWindow.java</url>
            <bookmark id="1">
                <name/>
                <line>36</line>
                <key/>
            </bookmark>
        </file>
    </editor-bookmarks>
    <open-files xmlns="http://www.netbeans.org/ns/projectui-open-files/2">
        <group>
            <file>file:/C:/Users/samue/OneDrive/Documents/NetBeansProjects/PatientManagementSystem/test/my/CreateAppointmentWindowTest.java</file>
            <file>file:/C:/Users/samue/OneDrive/Documents/NetBeansProjects/PatientManagementSystem/src/my/CreateAppointmentWindow.java</file>
            <file>file:/C:/Users/samue/OneDrive/Documents/NetBeansProjects/PatientManagementSystem/src/my/models/userevents/Listable/LoadUsers.java</file>
            <file>file:/C:/Users/samue/OneDrive/Documents/NetBeansProjects/PatientManagementSystem/src/my/NewPrescriptionWindow.java</file>
            <file>file:/C:/Users/samue/OneDrive/Documents/NetBeansProjects/PatientManagementSystem/src/my/Login.java</file>
            <file>file:/C:/Users/samue/OneDrive/Documents/NetBeansProjects/PatientManagementSystem/src/my/DoctorHomeWindow.java</file>
            <file>file:/C:/Users/samue/OneDrive/Documents/NetBeansProjects/PatientManagementSystem/src/my/SecretaryHomeWindow.java</file>
        </group>
    </open-files>
</project-private>
